{"cameraMode":{"drawMode":0,"name":"Shaded","section":"Shading Mode"},"sceneLighting":true,"audioPlay":false,"sceneViewState":{"m_AlwaysRefresh":false,"showFog":false,"showSkybox":true,"showFlares":true,"showImageEffects":true,"showParticleSystems":true,"showVisualEffectGraphs":true,"m_FxEnabled":true},"in2DMode":false,"pivot":{"x":0.10051818192005158,"y":132.90211486816407,"z":1.2300759553909302},"rotation":{"x":0.3055349290370941,"y":-0.0028575663454830648,"z":0.0009122907649725676,"w":0.9521816968917847},"size":1.0356616973876954,"orthographic":false}