{"cameraMode":{"drawMode":0,"name":"Shaded","section":"Shading Mode"},"sceneLighting":true,"audioPlay":false,"sceneViewState":{"m_AlwaysRefresh":false,"showFog":false,"showSkybox":true,"showFlares":true,"showImageEffects":true,"showParticleSystems":true,"showVisualEffectGraphs":true,"m_FxEnabled":true},"in2DMode":false,"pivot":{"x":940.6331176757813,"y":207.8517608642578,"z":0.6029232144355774},"rotation":{"x":-0.04366116598248482,"y":0.40747374296188357,"z":-0.019225381314754487,"w":-0.9120339155197144},"size":1.1094094514846802,"orthographic":false}